MeshSize, DegreesOfFreedom, BandEnergy, ExchangeEnergy, CorrelationEnergy, TotalEnergy
0.500,  156657, -6.2900551712690181e+01,-1.1997138942736957e+01,-9.4214581129110919e-01,-1.1247350368654580e+02
0.250,  528417, -6.2898696114228656e+01,-1.1997015186419496e+01,-9.4214423427508320e-01,-1.1247144323846045e+02
0.125, 2869009, -6.2898649220361037e+01,-1.1997052574614749e+01,-9.4214501809750550e-01,-1.1247167888813128e+02